,x0,x1,label,label_name
hecla resort,8.069397,17.068743,0,Resorts
inn at the forks,7.223199,22.221478,6,Budget/western Canada
brookstreet hotel,7.2257967,18.971134,3,Hotels
radisson hotel winnipeg,6.367494,22.673906,6,Budget/western Canada
fogo island inn,8.154627,20.01877,2,Inns
deerfoot inn and casino,5.6160107,22.044127,6,Budget/western Canada
white point beach resort,8.227611,17.13286,0,Resorts
hotel le concorde,5.7925253,18.398615,3,Hotels
hilton garden inn toronto airport,4.338942,20.175308,4,Budget/airport
south beach casino hotel,8.213081,18.570019,-1,
americana hotel,6.404803,18.317797,3,Hotels
club regent hotel,6.422638,18.157831,3,Hotels
park inn markham,6.036388,20.89152,5,Chains
the park hotel london,6.182991,19.171835,3,Hotels
hotel concorde,6.124525,18.271753,3,Hotels
Place to rent,4.583324,16.134018,-1,
resorts world las vegas,8.892431,18.155668,1,Casinos/entertainment
fallsview casino resort,8.628241,18.973438,1,Casinos/entertainment
accommodation for rent montreal,4.5394726,16.253935,-1,
parkside hotel,7.2590737,18.903011,3,Hotels
hotel place d’armes,5.6541066,18.471285,3,Hotels
hotel grand pacific,7.180248,18.065952,-1,
holiday inn brandon,6.598332,21.955564,6,Budget/western Canada
inn at laurel point,8.108724,20.311216,2,Inns
riverside hotel,7.421232,18.619038,-1,
canad inn polo park,6.5075984,22.211548,6,Budget/western Canada
holiday inn laval,5.7107825,19.8431,3,Hotels
vancouver airport hotel,4.2490067,20.636507,4,Budget/airport
canad inn windsor park,6.4968433,22.118628,6,Budget/western Canada
white oaks resort and spa,8.145164,17.286919,0,Resorts
calabogie peaks resort,7.5706053,16.7058,0,Resorts
monte carlo inn,7.6069756,20.091103,2,Inns
hotel in toronto,4.2218328,19.627628,4,Budget/airport
pinnacle hotel north vancouver,4.318604,20.91564,4,Budget/airport
toronto airport hotel,4.1406417,20.0684,4,Budget/airport
delta hotel edmonton,5.0487647,22.145336,6,Budget/western Canada
monte carlo inn barrie,7.405757,20.097498,2,Inns
holiday inn express brandon,6.5231304,21.84079,-1,
flamingo hotel,6.749808,18.203041,3,Hotels
victoria hotel,5.2796884,19.097277,3,Hotels
comfort inn winnipeg,6.359404,22.622187,6,Budget/western Canada
ainsworth hot springs resort,8.065637,17.192036,0,Resorts
blue mountain hotel,7.238272,17.616013,-1,
empress hotel,6.324756,18.198647,3,Hotels
pop century resort,8.674669,16.276388,0,Resorts
hotel georgia,6.5386004,18.394981,3,Hotels
edmonton airport hotel,5.009572,21.986795,6,Budget/western Canada
grand forks canad inn,7.0995464,22.225721,6,Budget/western Canada
hilton garden inn montreal airport,5.39711,20.050104,3,Hotels
viscount gort hotel,5.7379303,18.96509,-1,
manitou springs resort,7.990837,17.133593,0,Resorts
fairmont hotel macdonald,6.9650674,19.081419,3,Hotels
hotel belmont,6.895612,18.950893,3,Hotels
hotel zed victoria,5.2274427,19.171606,3,Hotels
matrix hotel,6.421632,18.0849,3,Hotels
outrigger waikiki beach resort,8.934187,16.785564,0,Resorts
hotel casino charlevoix,8.256784,19.097343,1,Casinos/entertainment
accommodation for rent longueuil,4.56522,16.199762,-1,
magnolia hotel victoria,4.9664245,20.026438,-1,
valhalla inn,8.110845,20.453062,2,Inns
hotel in niagara falls,8.754852,19.363703,1,Casinos/entertainment
all hotel,7.4633126,15.500059,-1,
holiday inn collingwood,6.043324,21.135397,5,Chains
holiday inn sydney,6.1511307,20.316488,-1,
james bay inn,7.957528,20.2081,2,Inns
holiday inn kanata,5.359007,20.493671,3,Hotels
atlas hotel,6.4236617,18.096546,3,Hotels
holiday inn kingston,6.151415,21.028057,5,Chains
toronto airport hotels,4.0731897,20.047619,4,Budget/airport
comfort inn regina,6.169785,22.063105,6,Budget/western Canada
days inn victoria,5.066718,20.95327,-1,
lord nelson hotel,6.3315263,19.175678,3,Hotels
virgin hotel las vegas,8.907635,18.118439,1,Casinos/entertainment
cambridge hotel,6.623977,19.97275,-1,
delta hotel st john's,6.7903214,21.483788,5,Chains
lake inn at l’eau claire,7.9949746,20.543482,2,Inns
holiday inn express edmonton,5.3933463,21.892756,6,Budget/western Canada
acclaim hotel calgary,5.14477,22.18294,6,Budget/western Canada
canad inn brandon,6.5923033,22.183285,6,Budget/western Canada
river rock casino resort,8.601836,18.724277,1,Casinos/entertainment
pangea pod hotel,6.5554066,17.875,3,Hotels
tally ho inn,8.073164,20.353172,2,Inns
holiday inn vancouver center,4.5045476,20.884937,4,Budget/airport
hilton garden inn ajax,6.017765,21.042503,5,Chains
fallsview casino hotel,8.631591,19.00068,1,Casinos/entertainment
park hotel london,6.1744814,19.248085,3,Hotels
fox harbor resort,8.29834,17.114735,0,Resorts
holiday inn longueuil,5.7153883,19.79806,3,Hotels
varscona hotel,5.6750765,19.007544,3,Hotels
sun peaks accommodation,5.003029,16.78191,-1,
accommodation for rent chicoutimi,4.5187244,16.238804,-1,
sunwing all inclusive,7.474779,15.473687,-1,
seaside hotel,7.518944,18.697784,-1,
hotel clique,6.0466914,18.060501,3,Hotels
oakes hotel,7.8381357,18.994612,1,Casinos/entertainment
rodeway inn grand forks,7.1952114,22.241613,6,Budget/western Canada
comfort inn pickering,6.4742713,20.865364,5,Chains
peavine inn,7.859115,20.224043,2,Inns
hotel delta,6.2462134,18.228619,3,Hotels
grand pacific hotel,7.101564,18.052895,3,Hotels
marlborough hotel winnipeg,6.365517,22.696514,6,Budget/western Canada
days inn london,5.4810967,20.916357,-1,
motel montreal,4.9383554,19.160295,-1,
beausejour hotel,5.921667,18.434048,3,Hotels
hotel clique,6.0587826,17.95529,3,Hotels
coast capri hotel,4.0314636,21.849564,-1,
coast bastion hotel,3.9707742,21.821814,-1,
Quebec housing,4.4107885,16.445223,-1,
oswego hotel victoria,5.149484,19.485096,3,Hotels
hotel ruby ​​foo's,6.7000914,18.18513,3,Hotels
accent inn kelowna,4.421639,21.450443,-1,
country inn and suites grand forks,7.179823,22.249609,6,Budget/western Canada
the holman grand hotel,7.173614,18.0714,-1,
holiday inn grande prairie,6.1162996,22.081177,6,Budget/western Canada
pantages hotel toronto,4.3076944,19.67054,4,Budget/airport
holiday inn red deer,5.822995,21.954775,6,Budget/western Canada
maritime inn port hawkesbury,6.2984605,20.462397,5,Chains
aria hotel,6.3603654,18.265934,3,Hotels
lord nelson hotel halifax,6.4163947,20.155378,5,Chains
sheraton gateway hotel in toronto international airport,4.1302795,20.09078,4,Budget/airport
coast nisku inn,4.1780524,21.73608,-1,
cox bay resort,8.391122,16.993544,0,Resorts
holiday inn express dieppe,6.049295,20.457256,-1,
briars resort,8.155376,17.183243,0,Resorts
canad inn regent,6.557677,22.183502,6,Budget/western Canada
universal orlando resort,8.673003,16.291903,0,Resorts
windsor hotel,6.403405,19.074549,3,Hotels
coast tsawwassen inn,4.2460055,21.65589,-1,
hostel world,4.701033,18.898947,-1,
coast hotel prince george,4.288602,21.972006,-1,
royal scot hotel,6.8301835,18.382187,3,Hotels
holiday inn downtown,5.9921675,20.008377,-1,
the new hotel,6.6172323,18.04726,3,Hotels
days inn yorkton,5.6972823,21.812002,6,Budget/western Canada
hotels near bc place,4.1607203,20.336443,4,Budget/airport
balmoral hotel,6.9336443,18.870104,3,Hotels
summerland waterfront resort,7.7894373,17.364046,0,Resorts
pinnacle hotel at the pier,7.0943685,18.12476,3,Hotels
trillium resort and spa,8.071687,17.223927,0,Resorts
holiday inn windsor,6.121971,21.087717,5,Chains
holiday inn express niagara on the lake,6.502827,21.207937,5,Chains
holiday inn st john's,6.736554,21.449738,5,Chains
disney resort,8.634971,16.33873,0,Resorts
strathcona hotel victoria,4.8788943,20.680279,-1,
magnolia hotel,6.589966,18.290956,3,Hotels
riviera hotel,7.4124303,18.3808,-1,
royal hotel,6.905457,18.285376,3,Hotels
accent inn vancouver airport,4.4245377,20.966793,4,Budget/airport
vegas hotels,8.900575,18.073679,1,Casinos/entertainment
curtiss hotel,6.3007402,18.520115,3,Hotels
pearl hotel,6.5723863,18.100649,3,Hotels
hotels in scarborough,4.1285944,19.588804,4,Budget/airport
ontario resorts,7.4835124,16.530817,0,Resorts
days inn grand forks,7.1583285,22.2566,6,Budget/western Canada
days inn calgary airport,5.2207503,22.013834,6,Budget/western Canada
comfort inn west edmonton,5.3339643,22.151922,6,Budget/western Canada
days inn red deer,5.597283,21.953585,6,Budget/western Canada
cheap hotels,4.1110153,18.810034,4,Budget/airport
metterra hotel,6.757418,18.335451,3,Hotels
arlington hotel paris,5.876385,19.06881,-1,
holiday inn yorkton,5.848558,21.89857,6,Budget/western Canada
vdara hotel,8.973581,18.103981,1,Casinos/entertainment
new york new york hotel,6.503879,19.458916,-1,
airport inn,7.78101,20.34855,2,Inns
booking hotel,4.5325212,18.514088,-1,
halifax airport hotel,4.7066293,20.300423,-1,
arlington hotel,5.8999977,19.116024,3,Hotels
holiday inn spruce grove,6.246587,21.550474,5,Chains
art of animation resort,8.70577,16.264893,0,Resorts
comfort inn toronto airport,4.6941276,20.256964,-1,
holiday inn chatham,6.170554,20.888885,5,Chains
red carpet inn,7.930263,20.324003,2,Inns
best western lamplighter inn,7.8049164,20.930729,-1,
william lake inn,8.053915,20.540558,2,Inns
pomeroy hotel grande prairie,6.155834,22.23989,6,Budget/western Canada
holiday inn new glasgow,6.291856,21.148127,5,Chains
waterside inn,7.9956293,20.118086,2,Inns
ocean island inn,7.9613285,20.004126,2,Inns
seneca niagara resort & casino,8.693475,19.045654,1,Casinos/entertainment
days inn langley,5.3202586,21.194971,-1,
wailea beach resort,8.958249,16.796715,0,Resorts
holiday inn huntsville,6.249731,21.617609,-1,
kitchener inn and suites,6.2283344,21.171337,5,Chains
days inn montreal airport,5.5126247,20.203106,3,Hotels
days inn kingston,5.761048,20.998243,5,Chains
couples resort algonquin,7.5095057,16.553244,0,Resorts
comfort inn nisku,6.4923,21.103403,5,Chains
arbutus inn,8.228445,20.267855,2,Inns
river rock casino hotel,8.49254,18.801712,1,Casinos/entertainment
hecla resort manitoba,7.79706,17.10013,0,Resorts
coast hotel nanaimo,4.172841,21.678932,-1,
comfort inn medicine hat,6.055746,22.005802,6,Budget/western Canada
hotel clique calgary,5.1040316,22.186491,6,Budget/western Canada
comfort inn bowmanville,6.57611,20.873861,5,Chains
yukon inn,8.01313,20.58781,2,Inns
long beach resort,8.496715,16.778763,0,Resorts
days inn sylvan lake,5.7174144,21.804573,6,Budget/western Canada
sandman hotel calgary airport,4.8933606,22.105793,6,Budget/western Canada
tower hotel,6.615583,17.918137,3,Hotels
prestige inn nelson,6.3265676,20.2142,5,Chains
canad inn portage la prairie,6.310688,22.397366,6,Budget/western Canada
holiday inn oakville,6.0262256,20.817768,5,Chains
holiday inn express deer lake,6.4631195,21.654016,5,Chains
manitou springs hotel,7.6963286,17.820152,-1,
hotel spa excelsior,6.943566,18.579361,3,Hotels
holiday inn express whitby,6.1900115,21.129236,5,Chains
pension,5.019373,16.722807,-1,
clarion hotel pembroke,7.0301714,20.214632,-1,
david thompson resort,8.119465,17.04813,0,Resorts
thompson hotel kamloops,4.2127223,21.663225,-1,
Margaritaville Hollywood Beach Resort,8.728007,16.552032,0,Resorts
hotel chablis,5.561324,18.503061,3,Hotels
disney contemporary resort,8.694262,16.249058,0,Resorts
motel near me,4.255868,18.796854,4,Budget/airport
greenwood inn,8.091192,20.201511,2,Inns
sterling inn,8.121598,20.431187,2,Inns
hotel metro london,6.215301,18.983986,3,Hotels
comfort inn cambridge,6.7443657,20.435251,5,Chains
country inn and suites london,5.8374605,20.772032,5,Chains
pension canada,5.0290833,16.723175,-1,
quality inn bracebridge,6.9153996,20.953897,5,Chains
comfort inn calgary,5.198854,22.255774,6,Budget/western Canada
days inn west edmonton,5.321051,22.002283,6,Budget/western Canada
holiday inn langley,5.3666735,21.08387,5,Chains
disney coronado springs resort,8.747094,16.355791,0,Resorts
rex hotel,6.3086953,18.142475,3,Hotels
holiday inn vaughan,5.7750444,20.834356,5,Chains
morden hotels,6.715814,20.014061,-1,
rex hotel toronto,4.3589897,19.62452,4,Budget/airport
mt washington accommodations,4.9137363,16.829697,-1,
exchange hotel,6.4887624,18.156246,3,Hotels
honua kai resort,8.880008,16.806364,0,Resorts
holiday inn airport winnipeg,6.250468,22.608124,6,Budget/western Canada
holiday inn express collingwood,6.1704445,21.15898,5,Chains
days inn sherwood park,5.5462995,21.845755,6,Budget/western Canada
cosmopolitan hotel,6.8638964,18.286469,3,Hotels
maui hotel,8.956928,16.805714,0,Resorts
terranea resort,8.503712,17.032537,0,Resorts
mall of america hotels,7.230795,21.951141,6,Budget/western Canada
hotel edison,6.4589887,18.294836,3,Hotels
hotel victoria toronto,4.6313624,19.59464,-1,
chateau lacombe hotel,5.49023,19.009865,3,Hotels
camelot inn and suites,7.4154043,20.870197,-1,
northbury hotel,6.8673573,19.206379,3,Hotels
accor hotels,5.973891,18.421978,3,Hotels
hotel l esterel,5.6610947,18.412659,3,Hotels
yvr hotels,4.2282004,20.712996,4,Budget/airport
canada inn portage la prairie,6.2494025,22.26833,6,Budget/western Canada
paris hotel vegas,8.901452,18.120893,1,Casinos/entertainment
wasagaming hotels,5.853521,18.689371,3,Hotels
fargo inn and suites,7.178809,22.218662,6,Budget/western Canada
comfort inn airport west,5.3150725,21.104568,5,Chains
all inclusive south trip,7.4742613,15.40186,-1,
holiday inn medicine hat,5.900085,21.950552,6,Budget/western Canada
casino rama hotel,8.542412,18.759508,1,Casinos/entertainment
pocaterra inn canmore,6.0415063,22.389866,-1,
bed and breakfast winnipeg,6.376679,22.69038,6,Budget/western Canada
comfort inn brossard,6.5167828,20.696886,5,Chains
cheap hotel toronto,3.9701586,19.40488,4,Budget/airport
douglas hotel,6.3867564,18.578466,3,Hotels
all-inclusive deckchair,7.4350867,15.467591,-1,
quality inn burlington,6.5157404,20.574692,5,Chains
holiday inn express windsor,6.1733847,21.089458,5,Chains
country inn and suites saskatoon,5.952343,22.32359,6,Budget/western Canada
polynesian resort,8.78764,16.523302,0,Resorts
coast hillcrest hotel,4.0179048,21.831917,-1,
accommodation for rent point aux trems 3 1 2,4.4616714,16.145262,-1,
alyeska resort,7.9115214,17.02703,0,Resorts
holiday inn express st john's,6.7566557,21.455019,5,Chains
holiday inn woodstock,6.024824,21.271557,5,Chains
hotels near niagara falls,8.745509,19.37702,1,Casinos/entertainment
hotel st paul,5.66096,18.439547,3,Hotels
hotels in thompson manitoba,7.0528393,21.700718,5,Chains
river rock inn rockland,7.952021,19.923016,2,Inns
grand california hotel,7.397112,17.925539,-1,
executive inn burnaby,4.762449,21.108585,-1,
pearson airport hotel,4.255553,20.144753,4,Budget/airport
accommodation for rent rosemont,4.532607,16.155207,-1,
hotels kanata,5.1457906,20.30441,3,Hotels
holiday inn oshawa,6.1214767,20.92306,5,Chains
ice hotel quebec city,5.46398,19.480597,3,Hotels
park central hotel,6.8630533,18.808935,3,Hotels
lakeview inn and suites brandon,6.6703386,22.103027,6,Budget/western Canada
niagara fallsview casino resort,8.717091,19.121674,1,Casinos/entertainment
motel 6 red deer,5.6723337,21.9445,6,Budget/western Canada
hotel brossard montreal,5.485385,19.442099,3,Hotels
ice hotel,6.3957214,17.98476,3,Hotels
days inn airdrie,5.4338713,21.879396,6,Budget/western Canada
days inn brampton,5.681642,21.085537,5,Chains
quality inn peterborough,6.8494105,20.573305,5,Chains
airport hotel halifax,4.621228,20.297676,-1,
pet hotel,3.5028298,19.546007,4,Budget/airport
holiday inn vaudreuil,5.6593127,19.780699,3,Hotels
hostel,4.6458974,18.930664,4,Budget/airport
holiday inn pembroke,6.8886657,20.606918,5,Chains
the beach club resort,8.508429,16.773348,0,Resorts
grand floridian hotel,7.261834,17.995836,-1,
metterra hotel on whyte,5.499245,22.407677,6,Budget/western Canada
wisconsin dells hotels,7.346273,21.687553,-1,
coast discovery inn,4.027518,21.814383,-1,
holiday inn surrey,5.6158237,20.97345,5,Chains
cheap hotels montreal,4.1269717,19.123917,4,Budget/airport
hotel valcartier quebec,5.4777164,19.528936,3,Hotels
days inn victoria uptown,5.0811534,20.975157,-1,
hampton inn markham,6.001973,20.911694,5,Chains
victoria inn hotel winnipeg,6.4011564,22.580885,6,Budget/western Canada
holiday inn london ontario,5.7523737,20.76021,5,Chains
holiday inn st albert,5.929815,21.900742,6,Budget/western Canada
hotel on pownal,7.1320667,19.782911,-1,
capri hotel kelowna,4.2955284,21.655863,-1,
buffalo airport hotel,4.2306805,20.362837,4,Budget/airport
yvr hotel,4.198956,20.656424,4,Budget/airport
hielo hotel quebec,5.5184293,19.43441,3,Hotels
the prince george hotel,4.3721924,21.939423,-1,
the explorer hotel,6.451198,18.137693,3,Hotels
hampton inn grand forks,7.190451,22.26345,6,Budget/western Canada
hotel near toronto airport,4.051802,20.024412,4,Budget/airport
love hotel toronto,4.251307,19.386133,4,Budget/airport
sleep inn regina east,5.8685975,22.090664,6,Budget/western Canada
holiday inn express oshawa,6.0795946,21.00114,5,Chains
paradise inn grande prairie,6.176427,22.16712,6,Budget/western Canada
hilltop inn salmon arm,4.189632,21.718777,-1,
crossroads motel,4.398527,18.727022,4,Budget/airport
comfort inn plattsburgh,6.7756586,20.90274,5,Chains
hotel frontenac,5.6065245,20.0473,3,Hotels
hotels in peterborough,6.8397036,20.309557,-1,
sandman signature hotel,4.654001,21.737803,-1,
times hotel laval,5.6217055,19.696169,3,Hotels
executive hotel,6.647562,18.430962,3,Hotels
slumber inn,7.904134,20.315683,2,Inns
fox hotel and suites,7.2031283,19.406883,-1,
canad inn mcphillips,6.496992,22.29553,6,Budget/western Canada
disney caribbean beach resort,8.693883,16.453428,0,Resorts
caribbean beach resort,8.551461,16.617054,0,Resorts
casino hotel moncton,8.173863,19.162695,1,Casinos/entertainment
pelican grand beach resort,8.493887,16.857311,0,Resorts
days inn woodstock,5.782604,21.43152,-1,
fernie stanford resort,7.970264,17.210314,0,Resorts
hotel la Croix,5.6099153,18.388351,3,Hotels
oban inn spa,7.569683,19.291769,-1,
sandman hotel edmonton south,4.870434,21.973976,6,Budget/western Canada
toronto hotels near airport,4.0668063,20.004211,4,Budget/airport
biltmore hotel,6.9628735,18.84096,3,Hotels
quality inn rouyn,6.4060507,20.59928,5,Chains
holiday inn express montreal airport,5.638506,20.013336,3,Hotels
holiday inn express sault ste marie,6.520194,21.271164,5,Chains
okemo mountain resort,7.6846924,16.857124,0,Resorts
pet friendly hotels toronto,3.6474652,19.64176,4,Budget/airport
comfort inn lundy's lane,6.7749715,20.642118,5,Chains
victoria regent waterfront hotel & suites,5.1372437,19.510738,-1,
nb hotel casino,8.2039175,19.03267,1,Casinos/entertainment
Trois Rivieres accommodation,4.5635877,16.374731,-1,
disney all star movie resort,8.691043,16.221216,0,Resorts
the godfrey hotel hollywood,7.9739313,18.211815,-1,
accommodation for rent rouyn noranda,4.5216303,16.21517,-1,
fairway inn sussex,5.7685018,20.980307,5,Chains
days inn portage,5.988885,21.85272,6,Budget/western Canada
hotel windsor,6.1910777,19.07335,3,Hotels
hotel nikko narita,4.534097,20.66158,4,Budget/airport
kaimana beach hotel,8.973091,16.807886,0,Resorts
comfort inn rouyn,6.6485047,20.751509,5,Chains
holiday inn whitby,6.094003,20.904459,5,Chains
stonemill inn,8.303553,20.277195,2,Inns
cheap motels in scarborough,4.023272,19.23248,4,Budget/airport
cadillac hotel miami,7.75734,18.296194,-1,
plaza hotel las vegas,8.937077,18.102392,1,Casinos/entertainment
motel in mississauga,4.163927,19.23954,4,Budget/airport
hotel saint sulpice,5.6771483,18.388786,3,Hotels
the glenmore inn,8.114317,20.25047,2,Inns
the mere hotel,6.766171,18.357872,3,Hotels
comfort inn sault ste marie,6.82837,21.073042,5,Chains
hotel orford,6.005419,18.996872,3,Hotels
cheap hotels mississauga,4.000905,19.330595,4,Budget/airport
monville hotel,7.1530156,19.062489,3,Hotels
days inn palm springs,8.884481,18.407585,1,Casinos/entertainment
accommodation for rent limoilou 4 1 2,4.4470544,16.056898,-1,
cheap motel near me,4.0758677,18.826115,4,Budget/airport
disney's all star movies resort,8.674654,16.207163,0,Resorts
roosevelt hotel,6.7671,18.429676,3,Hotels
knickerbocker hotel,6.609871,18.999414,3,Hotels
hotel super 8 lachenaie,5.802546,19.761581,3,Hotels
spa inn,8.027913,19.982996,2,Inns
holiday inn paris,5.929812,19.515915,-1,
prestige hotel prince george,4.3956733,21.99503,-1,
hampton inn burlington,6.497902,20.667631,5,Chains
whistler accommodation deals,4.868079,16.856201,-1,
quality inn rouyn noranda,6.3295264,20.433332,5,Chains
ottawa embassy hotel,5.233396,20.26732,3,Hotels
holiday inn express downtown edmonton,5.2778015,22.060167,6,Budget/western Canada
hotel blue mountain,7.217838,17.616508,-1,
holiday inn express hinton,6.314005,21.31617,5,Chains
crystal hotel,6.6115255,18.044981,3,Hotels
sherbrooke housing,4.361491,16.475225,-1,
palms casino resort,8.796631,18.401867,1,Casinos/entertainment
cherry tree inn,8.26368,20.352018,2,Inns
coast hotel swift current,4.1845045,21.862234,-1,
hotel scarborough,4.4694676,19.447847,4,Budget/airport
grand rockies resort,7.833417,17.10498,0,Resorts
3 1 2 for rent in Quebec all inclusive,4.5362444,16.182793,-1,
comfort inn pembroke,6.845313,20.652937,5,Chains
four seasons resort maui at wailea,8.896977,16.7834,0,Resorts
coast hotel tsawwassen,4.1912093,21.619852,-1,
monte carlo inn woodbine,7.48758,20.080915,2,Inns
george dawson inn,8.052596,20.22597,2,Inns
holiday inn nisku,6.1725845,21.483412,5,Chains
casino lac leamy hotel,8.432696,19.117317,1,Casinos/entertainment
calabogie resort,7.57514,16.668116,0,Resorts
whistleblower accommodation,4.8058476,16.720976,-1,
mayflower park hotel,6.46724,19.0778,3,Hotels
alt hotel calgary east village,5.118684,22.291561,6,Budget/western Canada
red lion inn and suites victoria,5.00611,20.743414,-1,
Paris Las Vegas hotel,8.938806,18.120089,1,Casinos/entertainment
inn on the lake halifax,6.4837623,20.23288,5,Chains
quality hotel burlington,6.5167294,20.596624,5,Chains
podollan inn and spa,7.5958977,19.502466,-1,
cartier hotel ottawa,5.2202597,20.185415,3,Hotels
clear lake hotels,7.3028955,21.72712,-1,
cat hotel,3.5401347,19.54288,4,Budget/airport
country inn and suites winnipeg,6.4397254,22.543192,6,Budget/western Canada
hotel st christophe,5.6266856,18.450249,3,Hotels
applause hotel,6.228237,18.189201,3,Hotels
howard johnson hotel winnipeg,6.329694,22.713724,6,Budget/western Canada
aria resort and casino,8.696951,18.523506,1,Casinos/entertainment
comfort inn bathurst,6.737278,20.82902,5,Chains
comfort inn edmonton,5.300889,22.17792,6,Budget/western Canada
peterborough inn and suites,7.0978146,20.750462,5,Chains
Friday Harbor Resort,8.598377,17.122168,0,Resorts
place d’armes hotel,5.6097326,18.50344,3,Hotels
accommodation for rent st savior,4.5709505,16.130072,-1,
holiday inn stellarton,6.4766226,21.401096,5,Chains
nova hotel edmonton,4.947441,22.16929,6,Budget/western Canada
brookstreet hotel spa,7.1968164,18.874743,3,Hotels
canada inn brandon,6.6418777,22.191711,6,Budget/western Canada
northbury hotel sudbury,6.8959966,20.7989,5,Chains
canadas best value inn richmond hill,5.927464,20.902395,5,Chains
the waterside inn,8.074538,20.136988,2,Inns
holiday inn express welland,6.35282,21.202154,5,Chains
westgate las vegas resort & casino,8.966367,18.161636,1,Casinos/entertainment
arts hotel,6.2585053,18.235321,3,Hotels
belvedere hotel new york,6.6485763,19.261448,3,Hotels
fogo island hotel,6.893116,17.968624,3,Hotels
hampton inn waterloo,6.215107,20.919004,5,Chains
big white hotels,7.2834067,17.572874,-1,
the chelsea hotel toronto,4.2711,19.60577,4,Budget/airport
the grand hotel nanaimo,4.2908134,21.216036,-1,
hampton inn and suites moncton,8.0222,19.292597,1,Casinos/entertainment
treasure island hotel,7.0362234,18.083204,3,Hotels
comfort inn fredericton,6.702455,20.898348,5,Chains
holiday inn vancouver airport,4.533319,20.869577,4,Budget/airport
last minute hotel deals winnipeg,6.4244413,22.707909,6,Budget/western Canada
astoria hotel,6.2244987,18.389608,3,Hotels
murray premises hotel,6.490746,18.889524,3,Hotels
knights inn burlington,6.7410994,20.626371,5,Chains
best western plus anaheim inn,7.658177,21.054888,-1,
james bay inn victoria,4.872854,20.935844,-1,
kanata hotel,5.226287,20.323582,3,Hotels
service plus inn and suites calgary,5.2022367,22.260447,6,Budget/western Canada
residence inn by marriott ottawa airport,5.255397,20.217123,3,Hotels
holiday inn express north bay,6.3989005,21.220737,5,Chains
fairmont hot springs hotel,7.0396633,18.780813,3,Hotels
bavarian inn,7.9230456,20.609268,2,Inns
arc the hotel ottawa,5.225258,20.164276,3,Hotels
fountain inn,8.099165,20.098595,2,Inns
grande cache inn and suites,7.151241,22.079052,6,Budget/western Canada
glen lyon inn,8.129184,20.39153,2,Inns
accommodation for rent ste foy 4 1 2,4.4585347,16.093916,-1,
robin hood inn and suites,7.4850802,20.73305,-1,
pomeroy hotel fsj,6.902733,19.436783,-1,
hotel suites,6.3046727,18.79605,3,Hotels
disney all star music resort,8.692484,16.198708,0,Resorts
all star music resort,8.653411,16.198776,0,Resorts
days inn surrey,5.4736013,20.994287,5,Chains
log driver's inn,8.212148,20.410511,2,Inns
holiday inn new york,6.386084,19.540646,-1,
spa hotel,6.9749727,18.563643,3,Hotels
ice hotel quebec price,5.4127927,19.42617,3,Hotels
snow valley resort barrie,7.529084,16.614721,0,Resorts
motel 6 huntsville,6.139526,21.553532,5,Chains
frankfurt airport hotel,4.118471,20.496298,4,Budget/airport
pet friendly hotels calgary,3.4936976,19.745306,4,Budget/airport
holiday inn burnaby,4.887209,21.064445,-1,
quality inn windsor,6.3585734,20.677708,5,Chains
country inn belleville,6.9325547,20.84248,5,Chains
coast hotel campbell river,4.0897994,21.783016,-1,
holiday inn express kingston west,5.9587235,21.194374,5,Chains
metropolitan hotel,6.827034,18.319365,3,Hotels
hampton inn sydney ns,6.2870507,20.46949,5,Chains
accommodation for rent victoriaville 3 1 2,4.53007,16.138971,-1,
grand floridian resort,8.39096,16.748825,0,Resorts
all inclusive winter resorts ontario,7.470834,16.407764,0,Resorts
accommodation for rent blainville ste therese,4.510475,16.178852,-1,
estrimont inn,8.20331,20.339272,2,Inns
tower hotel niagara,8.751656,19.36496,1,Casinos/entertainment
all inclusive montreal,7.3092675,15.611168,-1,
hotel 57,6.229453,17.958014,3,Hotels
bellevue hotels,4.3339825,20.508898,4,Budget/airport
holiday inn richmond hill,5.8486476,20.893099,5,Chains
caswell resort,8.225795,16.967306,0,Resorts
holiday inn east ottawa,5.3682823,20.504438,3,Hotels
best western fireside inn,7.71187,21.006174,-1,
hostel montreal,4.786655,19.032763,4,Budget/airport
hotel near pearson airport,4.2193365,20.13855,4,Budget/airport
honua kai resort & spa,8.913912,16.8158,0,Resorts
yorkville hotels,4.1667295,19.751799,4,Budget/airport
the beverly hills hotel,7.9654403,18.223682,-1,
hilton whistler resort & spa,5.131788,21.19858,5,Chains
1 1 2 for rent montreal 400 all inclusive,4.5264425,16.222786,-1,
days inn rama,5.585569,21.280598,-1,
bavarian inn frankenmuth,7.543936,21.091522,-1,
Montreal housing,4.382205,16.480032,-1,
lamp lighter inn,8.136887,20.543251,2,Inns
hotels sault ste marie,7.092944,21.322613,-1,
oakes hotel niagara,8.659309,19.335026,1,Casinos/entertainment
country inn and suites belleville,6.814667,20.806488,5,Chains
hotel imperia,6.388454,18.266811,3,Hotels
Bergeron all inclusive trip,7.4277406,15.438225,-1,
discovery inn campbell river,4.120436,21.785442,-1,
coast plaza hotel calgary,4.889245,22.19276,6,Budget/western Canada
coastal inn sackville,6.2160707,20.442793,5,Chains
oakbay beach hotel,7.828372,19.049639,1,Casinos/entertainment
Mont Tremblant Accommodations,4.756964,16.64305,-1,
days inn prince albert,5.682863,21.89124,6,Budget/western Canada
venetian hotel,8.788216,18.125235,1,Casinos/entertainment
all inclusive resorts toronto,7.424657,15.98493,-1,
the inn of waterloo,8.012197,20.240583,2,Inns
monastery hotel,6.761932,18.585073,3,Hotels
embassy hotel ottawa,5.2403555,20.202248,3,Hotels
cheap motels near me,4.099112,18.859076,4,Budget/airport
shore inn,8.048489,20.141136,2,Inns
quality inn airport moncton,6.2449203,20.310732,5,Chains
holiday inn and suites london,5.742866,20.730686,5,Chains
accommodation for rent rosemont 3 1 2,4.5325317,16.152395,-1,
avid hotel,6.1348996,18.124544,3,Hotels
hotel near disneyland,8.602192,16.379488,0,Resorts
best western colonel butler inn,7.672916,21.005493,-1,
comfort inn st georges,6.7601867,20.884026,5,Chains
belvedere hotel,6.9128094,18.871376,3,Hotels
cheap toronto hotels,3.9866688,19.366762,4,Budget/airport
hotel montville,7.150181,19.03512,3,Hotels
humphrey hotel winnipeg,6.3219743,22.69829,6,Budget/western Canada
cheap hotel,4.134545,18.819,4,Budget/airport
chateauguay motel,5.055035,19.04698,-1,
woodstock hotels,6.0529375,21.340801,5,Chains
accommodation for rent val d’or,4.5269694,16.165695,-1,
universal hostel,4.7028236,18.919504,4,Budget/airport
the cove resort,8.427033,16.976255,0,Resorts
hotel timmins,6.9545755,21.39355,5,Chains
cheap motel near me under $50,4.1084814,18.797398,4,Budget/airport
hotel and spa,7.00904,18.493301,3,Hotels
motels,4.377377,18.753477,4,Budget/airport
Chateau Jasper Hotel,5.4815645,18.939478,3,Hotels
hotel st denis,5.638967,18.40748,3,Hotels
parry sound inn and suites,7.159268,20.903784,5,Chains
hockley resort,8.297696,16.99188,0,Resorts
hotel vaudreuil,5.526968,19.41825,3,Hotels
love hotel,6.085574,17.933428,3,Hotels
cheap hotel near me,4.0968494,18.812956,4,Budget/airport
riverland inn,8.039776,20.044922,2,Inns
orlando airport hotel,4.136961,20.393665,4,Budget/airport
gatwick hotel block,6.056456,19.286854,3,Hotels
holiday inn express fredericton,6.5241737,21.106506,5,Chains
gray eagle resort and casino,8.60927,18.790796,1,Casinos/entertainment
excellence resorts,8.152534,16.59223,0,Resorts
stone gate inn orillia,7.280394,20.805176,-1,
crosswater resort,8.150868,17.425684,0,Resorts
brentwood bay resort & spa,8.16463,17.221087,0,Resorts
pearson airport hotels,4.2162666,20.115295,4,Budget/airport
park inn brampton,5.8581047,20.876505,5,Chains
cheap motels in edmonton monthly rates,4.104963,19.150135,4,Budget/airport
talking stick resort,8.734131,18.142353,1,Casinos/entertainment
clearwater hotel fort mcmurray,5.603824,22.135733,6,Budget/western Canada
cheap hotel downtown toronto,3.8999426,19.448614,4,Budget/airport
knights inn orillia,7.1887217,20.861423,5,Chains
holiday inn express timmins,6.5117426,21.385832,5,Chains
b resort and spa,8.194871,17.343863,0,Resorts
paris las vegas hotel,8.929579,18.090033,1,Casinos/entertainment
vancouver hostel,4.5832567,19.045853,4,Budget/airport
hotel zero1,6.1324897,18.028545,3,Hotels
holiday inn st johns,6.7814074,21.484135,5,Chains
bayside oceanfront resort,8.387432,17.016771,0,Resorts
casino moncton hotel,8.156272,19.20541,1,Casinos/entertainment
roslyn hotel,6.8236275,19.155504,3,Hotels
affordable housing montreal,4.376864,16.48578,-1,
royal sonesta hotel,7.0631466,18.1838,3,Hotels
holiday inn express bowmanville,6.185973,21.028198,5,Chains
varscona hotel on whyte,5.0730906,22.384491,6,Budget/western Canada
hawks cay resort,8.470428,16.912312,0,Resorts
holiday inn express chilliwack,5.3676863,21.3442,-1,
yve hotel miami,7.731823,18.294317,-1,
luana waikiki hotel & suites,8.974437,16.81208,0,Resorts
grand sierra resort,7.9115458,17.144766,0,Resorts
days inn calgary south,5.312519,22.04365,6,Budget/western Canada
accommodation for rent st lambert,4.5372286,16.165152,-1,
cheap motels toronto,3.9786077,19.295723,4,Budget/airport
hotel valley ho,7.3739843,18.822874,3,Hotels
pet friendly hotels,3.498613,19.566977,4,Budget/airport
day hotels toronto,3.883552,19.557835,4,Budget/airport
stonebridge hotel fort mcmurray,5.593925,22.249905,6,Budget/western Canada
grand forks inn,7.237766,22.208656,6,Budget/western Canada
universal dockside inn and suites,7.684419,19.904154,2,Inns
kings inn midland,7.3898535,20.77671,-1,
north star inn,8.157439,20.388512,2,Inns
Montreal youth hostel,4.832572,18.990183,4,Budget/airport
holiday inn windsor ontario,6.070922,21.0194,5,Chains
hotel du cap eden roc,5.5294523,18.40548,3,Hotels
canad inn pembina,6.480983,22.302105,6,Budget/western Canada
sahara hotel vegas,8.95052,18.141157,1,Casinos/entertainment
days inn by wyndham calgary airport,5.263353,22.090618,6,Budget/western Canada
hotel north vancouver,4.28153,20.865656,4,Budget/airport
billy barker hotel,6.803262,18.571022,3,Hotels
coast gateway hotel,4.0084386,21.836657,-1,
rocky mountain resort,7.768139,16.967188,0,Resorts
holiday inn montreal downtown west,5.6126604,19.82362,3,Hotels
the arc hotel ottawa,5.222547,20.168604,3,Hotels
dauphin inn express,7.626597,20.415607,2,Inns
blue river hotels,7.2419434,17.621477,-1,
confederation place hotel kingston,5.6386814,20.98325,5,Chains
hotel hugo,5.91209,18.255644,3,Hotels
holiday inn sault ste marie,6.7080803,21.226824,5,Chains
desert palms hotel & suites,8.845129,18.299795,1,Casinos/entertainment
sawridge inn edmonton,5.259556,22.27071,6,Budget/western Canada
the juniper hotel,6.6136513,18.192152,3,Hotels
cassandra hotel,6.4241595,18.403463,3,Hotels
sunshine valley resort,7.7433434,17.09838,0,Resorts
yukon inn whitehorse,5.8553276,21.861887,6,Budget/western Canada
holiday inn express vernon,6.082461,21.271568,5,Chains
niagara falls casino hotel,8.718308,19.187681,1,Casinos/entertainment
jay peak hotel,7.2109995,17.640585,-1,
incheon airport hotel,4.1895423,20.528584,4,Budget/airport
holiday inn leduc,5.784473,22.028255,6,Budget/western Canada
sun peaks hotel,7.217853,17.635996,-1,
quality inn richmond,6.3779397,20.606195,5,Chains
hotels near banff,4.9149523,21.610485,-1,
hotels in cambridge,6.58481,20.050465,5,Chains
blackfoot inn calgary,5.265802,22.231256,6,Budget/western Canada
south thompson inn,8.2428875,20.265123,2,Inns
seattle airport hotels,4.1714797,20.529736,4,Budget/airport
clarendon hotel,6.9555583,19.126898,3,Hotels
st paul hotel montreal,5.503937,19.21402,3,Hotels
novotel hotel,6.0812354,18.191696,3,Hotels
holiday inn and suites grande prairie,6.2176404,22.112246,6,Budget/western Canada
rodeway inn amos,7.084655,21.606518,5,Chains
hotel motel drummond,6.4576297,19.100475,3,Hotels
disney's caribbean beach resort,8.725751,16.470118,0,Resorts
holiday inn express swift current,6.402325,21.40881,5,Chains
south beach hotel,7.871912,18.351955,-1,
ramada inn timmins,6.6537027,21.583572,5,Chains
sandman hotel kenmount road,4.648752,21.709558,-1,
holiday inn riverport,7.71957,19.847813,-1,
aava hotel,6.142872,18.142822,3,Hotels
hotels niagara falls ontario,8.772409,19.367058,1,Casinos/entertainment
valhalla hotel thunder bay,7.099921,21.330046,-1,
amsterdam hostels,4.643786,18.934494,4,Budget/airport
cheap hotels las vegas,4.0846386,18.824478,4,Budget/airport
capsule hotel toronto,3.90193,19.454458,4,Budget/airport
three ducks inn,8.094203,20.253347,2,Inns
airport hotel vancouver,4.2634344,20.636168,4,Budget/airport
accommodation for rent Boucherville,4.5133214,16.227272,-1,
wedgewood hotel & spa,7.2955747,18.662304,3,Hotels
waldorf hotel vancouver,4.3062253,20.95809,4,Budget/airport
holiday inn montreal downtown,5.6109905,19.731302,3,Hotels
burrard hotel vancouver,4.28306,20.939295,4,Budget/airport
days inn blainville,5.713635,20.455044,-1,
causeway bay hotel sparwood,4.652328,21.30479,-1,
pearson hotel,6.3306046,18.608582,3,Hotels
royalton resorts,8.019306,16.805841,0,Resorts
all-inclusive trips,7.442102,15.434736,-1,
sanctuary hotel new york,6.4963017,19.373863,3,Hotels
moncton casino hotel,8.203929,19.147955,1,Casinos/entertainment
all inclusive last minute,7.446761,15.445193,-1,
yvr airport hotel,4.2303905,20.69108,4,Budget/airport
hotel nikko san francisco,4.632086,20.653082,-1,
sandman hotel and suites abbotsford,4.630441,21.720657,-1,
belmont hotel,7.013588,18.983988,3,Hotels
affordable housing aylmer,4.319916,16.484333,-1,
the oakes hotel niagara falls,8.688857,19.30396,1,Casinos/entertainment
royal hotel leduc,5.673763,22.083462,6,Budget/western Canada
niagara crossing hotel and spa,8.740055,19.310143,1,Casinos/entertainment
hotel fairmont palliser,6.937865,19.073158,3,Hotels
holiday inn whitecourt,5.9474874,22.062328,6,Budget/western Canada
stars inn edmonton airport,5.0515604,22.07188,6,Budget/western Canada
hotels near airport toronto,4.0181417,19.994818,4,Budget/airport
kamloops coast hotel,4.2002177,21.693428,-1,
hotel casino moncton,8.166959,19.213871,1,Casinos/entertainment
whistler accommodations,4.8387413,16.893497,-1,
hotels near rogers place,4.2737446,20.085514,4,Budget/airport
vancouver motel,4.4063997,19.196459,-1,
casino rama resort,8.616431,18.759644,1,Casinos/entertainment
days inn vancouver downtown,4.7900295,20.982832,-1,
treasure cove hotel prince george,4.446868,22.065033,-1,
hotel at swann,6.320756,18.613003,3,Hotels
accommodation for rent Lévis,4.491012,16.238014,-1,
all inclusive south cheap,7.4543314,15.408867,-1,
universal hotel montreal,5.556314,19.573551,3,Hotels
quality inn halifax,6.3953567,20.229284,5,Chains
last minute all inclusive south trip,7.5202594,15.338026,-1,
all star movies resort,8.63362,16.174719,0,Resorts
circus circus hotel,8.904917,18.174173,1,Casinos/entertainment
hampton inn & suites by hilton laval,5.7376075,19.85029,3,Hotels
lexington hotel windsor,5.820103,20.54695,-1,
whistler inn and suites,5.272217,21.19912,-1,
the brookstreet hotel,7.1731515,18.89261,3,Hotels
hilton garden inn new york,6.3698306,19.544722,-1,
sandman hotel kamloops,4.4958587,21.705723,-1,
senator hotel saskatoon,5.687378,22.259016,6,Budget/western Canada
days inn leduc,5.580113,21.935957,6,Budget/western Canada
park and fly toronto hotels,3.9031649,19.92794,4,Budget/airport
days inn by wyndham ottawa west,5.373745,20.586485,-1,
harrahs hotel las vegas,8.973486,18.144062,1,Casinos/entertainment
waskesiu hotels,7.3388357,21.660418,-1,
tru hotel yarmouth,6.296846,20.006493,5,Chains
happy day inn,7.8557053,20.203117,2,Inns
georgetown inn,8.03695,20.192999,2,Inns
refinery hotel new york,6.499604,19.377092,3,Hotels
pelee motor inn,7.1868854,20.255909,2,Inns
holiday inn st jacobs,6.6309357,21.521656,5,Chains
humphry inn winnipeg,6.334817,22.674042,6,Budget/western Canada
comfort inn three rivers,6.8122916,20.810524,5,Chains
metropark hotel kowloon,6.166483,18.994995,3,Hotels
yarmouth hotels,6.3130894,19.993166,5,Chains
four seasons resort maui,8.939584,16.795424,0,Resorts
best western premier freeport inn calgary airport,5.1749234,22.140015,6,Budget/western Canada
all inclusive new york trip,7.4402933,15.449549,-1,
holiday inn calgary airport north,5.1772866,22.14065,6,Budget/western Canada
quarterdeck resort nova scotia,6.4403768,20.141874,5,Chains
all inclusive resort,7.4515476,15.467955,-1,
best western plus pembina inn & suites,6.4059315,22.341242,6,Budget/western Canada
tobermory princess hotel,7.0964375,21.269716,-1,
best western freeport inn,7.668409,21.10235,-1,
edgewater hotel,7.3763914,18.632195,3,Hotels
spa at the monastery hotel,7.011485,18.621204,3,Hotels
knights inn bracebridge,7.108971,20.810108,5,Chains
couples resort ontario,7.4841886,16.538305,0,Resorts
yyc hotels,4.809397,21.536062,-1,
georgian court hotel bw premier collection,6.5886393,18.60431,3,Hotels
mount robson inn jasper,5.151504,21.695091,-1,
stone gate inn,8.265077,20.269564,2,Inns
the square phillips hotel,6.027263,18.546888,3,Hotels
pelee days inn,7.174742,20.279125,-1,
danny's hotel bathurst,6.67317,20.464558,5,Chains
days inn edmonton,5.355992,21.92937,6,Budget/western Canada
cheap motels on kingston road scarborough,4.036744,19.276646,4,Budget/airport
comfort inn montreal airport,5.5969152,20.13994,3,Hotels
holiday inn express slave lake,6.318581,21.544262,5,Chains
bond hotel,6.6082335,18.062735,3,Hotels
b ocean resort,8.35086,17.078398,0,Resorts
the coast hotel kamloops,4.1737223,21.713055,-1,
thunder bay hotel,7.1319776,21.274433,-1,
holiday inn express grand forks,7.1737065,22.24768,6,Budget/western Canada
accommodation for rent ste foy,4.53362,16.167429,-1,
thompson hotels,6.9993005,19.333725,3,Hotels
accommodation longueuil,4.5691757,16.216763,-1,
days inn & conference center by wyndham montreal airport,5.563704,20.304102,3,Hotels
hotel booking sites,4.3711386,18.602308,-1,
william gray hotel montreal,5.4616,19.521393,3,Hotels
holiday inn express spruce grove,6.2935324,21.577309,5,Chains
motel nap 4 hours,4.2315946,18.780787,4,Budget/airport
blackfoot hotel calgary,5.2501545,22.196465,6,Budget/western Canada
grand hotel mackinac island,7.493945,21.296146,-1,
rio all suite hotel & casino,8.530484,18.741783,1,Casinos/entertainment
georgia court hotel,6.5166955,18.546204,3,Hotels
universal hotel quebec city,5.559737,19.568653,3,Hotels
nights inn owen sound,7.1484194,20.904371,5,Chains
toronto pearson airport hotel,4.1858816,20.12179,4,Budget/airport
seclusion bay resort,8.381679,16.972404,0,Resorts
coast edmonton plaza hotel by apa,4.6932354,22.161072,-1,
garden place hotel,6.451921,19.198763,3,Hotels
canad inn garden city,6.644215,22.24803,6,Budget/western Canada
hotel dartmouth,6.3984203,19.974924,5,Chains
paradise resort myrtle beach,8.649156,16.768766,0,Resorts
country inn and suites duluth,7.101058,22.16116,6,Budget/western Canada
stonegate inn,8.219283,20.296202,2,Inns
st christopher hotel,5.653757,18.56121,3,Hotels
cheap hotel in toronto,3.9890218,19.403404,4,Budget/airport
florida all inclusive,7.4612956,15.46914,-1,
ice hotel canada,5.3038874,19.322037,3,Hotels
inn manor town marie,7.929037,20.284855,2,Inns
lakeview inn brandon,6.634403,22.12552,6,Budget/western Canada
resort sandals,8.44803,16.616972,0,Resorts
hotel labellle,5.6739635,18.44046,3,Hotels
sandman hotel prince george,4.5651727,21.756107,-1,
park hotel saskatoon,5.693982,22.307705,6,Budget/western Canada
chateau louis hotel,5.560816,18.65769,3,Hotels
the sutton place hotel revelstoke,5.1879196,21.45729,-1,
norvic motel,5.0018444,18.847303,-1,
la jolla hotels,8.716857,17.817585,1,Casinos/entertainment
love hotel montreal,5.0768065,19.27836,-1,
cambridge hotel halifax,6.436432,20.153778,5,Chains
resorts near toronto,7.461338,16.524921,0,Resorts
reunion resort orlando,8.711025,16.315012,0,Resorts
chateau vaudreuil hotel,5.452493,19.187359,3,Hotels
times hotel sherbrooke,5.5712647,19.603384,3,Hotels
hotels in brandon mb,6.7591114,22.110737,6,Budget/western Canada
accommodation 4 1 2 for rent montreal,4.5199747,16.1721,-1,
fort gary hotel,6.919917,22.236065,6,Budget/western Canada
national hotel miami,7.688673,18.285885,-1,
holiday inn bangor,6.6185784,21.32541,5,Chains
continental hotel,6.778533,18.303019,3,Hotels
don valley hotel and suites,7.412735,19.077635,3,Hotels
hearthstone inn,8.242969,20.35545,2,Inns
grand hotel yarmouth,6.314985,19.95456,5,Chains
ocean reef resort,8.522205,16.784445,0,Resorts
disney pop century resort,8.711266,16.225592,0,Resorts
knights inn,7.804957,20.525404,2,Inns
disney's pop century resort,8.6843815,16.246801,0,Resorts
pet friendly hotels victoria,3.5897832,19.706957,4,Budget/airport
winter resorts ontario,7.482088,16.545736,0,Resorts
caribbean beach resort disney,8.684364,16.46685,0,Resorts
shared accommodation calgary,3.8667529,19.26733,4,Budget/airport
blue mountains resort,7.4807024,17.225279,0,Resorts
red rock resort,8.731043,18.168652,1,Casinos/entertainment
disneyland hotels anaheim,8.582265,16.315992,0,Resorts
fairfield inn and suites regina,5.929511,22.132433,6,Budget/western Canada
universal hotel quebec saint foy,5.664806,19.664852,3,Hotels
belmont inn sudbury,6.8107667,20.712395,5,Chains
georgian hotel vancouver,4.2957478,20.909193,4,Budget/airport
b&b italia,7.902815,17.755583,-1,
hotel ruby ​​foos,6.6809435,18.182058,3,Hotels
monte carlo inn toronto west,7.4414473,20.011398,2,Inns
cheap hotel,4.1164885,18.824427,4,Budget/airport
coast plaza hotel edmonton,4.792223,22.17091,6,Budget/western Canada
sawridge hotel edmonton,5.273907,22.248367,6,Budget/western Canada
all-inclusive deckchair trip,7.4414663,15.429069,-1,
cambridge suites hotel,6.6953177,19.988522,-1,
haida gwaii accommodation,4.8165293,16.897749,-1,
diamond resorts,8.2838545,16.564049,0,Resorts
coast kamloops hotel,4.1543403,21.73772,-1,
disney world hotel,8.668386,16.266502,0,Resorts
hostel ottawa,4.706331,19.106085,4,Budget/airport
the beverley hotel toronto,4.277162,19.608208,4,Budget/airport
luxury hotel and casino,8.297437,18.853073,1,Casinos/entertainment
rosslyn inn and suites,7.406808,20.538376,-1,
Caesars Palace Hotel,8.935279,18.148603,1,Casinos/entertainment
dog hotel vancouver,3.5678048,19.630629,4,Budget/airport
airport hotels halifax,4.493084,20.22916,4,Budget/airport
holiday inn express quebec,5.723029,20.008501,3,Hotels
park city mountain resort,7.7662945,16.970047,0,Resorts
hotel in london,6.0546117,19.20914,3,Hotels
hilton garden inn seattle,4.6356015,20.63217,-1,
canadian rocky mountain resorts,7.5170927,16.749962,0,Resorts
mackinac island hotels,7.490721,21.331099,-1,
dog hotel calgary,3.4971848,19.662956,4,Budget/airport
adults only all inclusive resorts,7.4358864,15.4765215,-1,
richard motel hallandale florida,5.881378,20.782122,5,Chains
ocean promenade hotel white rock,4.195446,21.472918,-1,
delta victoria ocean point resort,5.1357436,19.534082,-1,
shared accommodation toronto,3.871152,19.336405,4,Budget/airport
sterling inn niagara falls,8.760865,19.370634,1,Casinos/entertainment
midtown motel moncton,8.136058,19.173983,1,Casinos/entertainment
hotel cheribourg,5.594727,18.491472,3,Hotels
gulf gate resort,8.568228,16.978693,0,Resorts
pelee island bed and breakfast,7.237989,20.281525,-1,
ambassador hotel,6.318701,18.151712,3,Hotels
holiday inn express bedford,6.370407,21.210573,5,Chains
cat hotel toronto,3.6301749,19.603859,4,Budget/airport
accommodation for rent gatineau kijiji,4.5662403,16.22948,-1,
coast hotel williams lake,4.0586667,21.857368,-1,
hotels near toronto pearson airport,4.093944,20.072515,4,Budget/airport
chicoutimi housing,4.377284,16.41152,-1,
holiday inn carlton street,5.996013,20.214916,-1,
desert palms hotel and suites,8.827817,18.343508,1,Casinos/entertainment
rimrock resort banff,4.9723487,21.703087,-1,
walker hotel tribeca,6.457836,19.398819,3,Hotels
sparkling hill resort deals,7.7748938,17.05914,0,Resorts
seaport hotel boston,6.458459,20.000965,5,Chains
montecassino hotel toronto,7.4594083,19.84703,-1,
legacy golf resort phoenix,8.770035,18.253437,1,Casinos/entertainment
ink 48 hotel,6.205192,17.84701,3,Hotels
canadas best value inn valemount,6.0255337,21.503601,5,Chains
holiday inn manhattan financial district,6.235861,19.71034,-1,
hotel time square new york,6.40755,19.47254,3,Hotels
rodeway inn huntsville,6.274667,21.600391,5,Chains
the coast hotel edmonton,4.60559,22.155138,-1,
hotel saint paul,5.6504354,18.48651,3,Hotels
motels in ottawa,4.534987,19.255878,-1,
deerhurst resort ontario,7.5204825,16.587513,0,Resorts
orleans hotel las vegas,8.904842,18.140348,1,Casinos/entertainment
comfort inn boston,6.671517,20.520681,5,Chains
venture inn,7.906481,20.264694,2,Inns
executive inn,7.639588,20.411884,2,Inns
sandman inn victoria,4.677526,21.3882,-1,
victoria hotel winnipeg,6.368623,22.69949,6,Budget/western Canada
alt hotel st john's nl,6.7537136,21.505365,5,Chains
royal hotel edmonton airport,5.0484242,22.027699,6,Budget/western Canada
the matrix hotel edmonton,4.9698315,22.180504,6,Budget/western Canada
stonebridge hotel fort st john,6.829804,21.514404,5,Chains
south all inclusive,7.467967,15.40725,-1,
hotels in watertown ny,8.756015,19.43405,1,Casinos/entertainment
granville island hotel vancouver,4.316072,20.892153,4,Budget/airport
accommodation for rent anjou 5 1 2,4.463289,16.109472,-1,
monte carlo inn downtown markham,7.4180136,20.054142,2,Inns
canadian pension,5.030374,16.734762,-1,
nopsi hotel,6.0588927,18.06033,3,Hotels
accent inn vancouver,4.429782,21.011852,4,Budget/airport
hotel oakville,7.678069,19.282713,-1,
sahara hotel las vegas,8.949888,18.119787,1,Casinos/entertainment
hotel manor st savior,5.734203,18.348986,3,Hotels
hotels near mont-tremblant,5.0682364,17.043581,-1,
sparkling hills resort vernon,7.7377033,17.122921,0,Resorts
hourly hotels toronto,3.942107,19.408222,4,Budget/airport
stanford hotel fernie,4.907368,21.313084,-1,
dog hotel toronto,3.6005015,19.602753,4,Budget/airport
holiday inn st john's airport,6.778098,21.4675,5,Chains
lake leamy casino hotel,8.47958,19.111343,1,Casinos/entertainment
rosen center hotel,6.7840796,18.958982,3,Hotels
cheap hotels in downtown toronto,3.949794,19.360209,4,Budget/airport
parktown hotel saskatoon,5.70201,22.299562,6,Budget/western Canada
vegas cosmopolitan hotel,8.853276,18.166182,1,Casinos/entertainment
housing 50 years and over sherbrooke,4.3882785,16.471851,-1,
hotels near orlando airport,4.066894,20.288342,4,Budget/airport
imperial hotel,6.507409,18.121832,3,Hotels
metropolitan hotel,6.8417797,18.356213,3,Hotels
holiday inn edmonton airport,5.171321,22.054668,6,Budget/western Canada
cheap motels vancouver,4.080976,19.178335,4,Budget/airport
york hotel toronto,4.2611437,19.642433,4,Budget/airport
hostel victoria,4.7808723,19.033632,4,Budget/airport
hotel david,6.084952,18.078453,3,Hotels
st christophe hotel,5.5782228,18.532047,3,Hotels
panorama accommodation,5.0248017,16.678394,-1,
excalibur hotel vegas,9.018212,18.075047,1,Casinos/entertainment
greenwood hotel corner brook,7.2169094,19.226171,3,Hotels
inn at holiday valley,7.8066573,20.288273,2,Inns
family resorts ontario,7.4504037,16.498713,0,Resorts
cheap all inclusive resorts,7.46518,15.489007,-1,
ottawa embassy hotel & suites,5.2196293,20.273994,3,Hotels
the bond hotel,6.6342707,18.227966,3,Hotels
mauna lani resort,8.926856,16.786833,0,Resorts
heritage inn great falls,7.1811495,22.280354,6,Budget/western Canada
sutton hotel revelstoke,5.281871,21.40951,-1,
elk and avenue hotel,6.509932,18.316607,3,Hotels
aurora hotel,6.3501067,18.341385,3,Hotels
hotels near vancouver convention center,4.1927376,20.688843,4,Budget/airport
hotel park and fly toronto,3.9383821,19.948828,4,Budget/airport
casino new brunswick hotel,8.224934,19.124352,1,Casinos/entertainment
airport hotel edmonton,4.9133554,21.946014,6,Budget/western Canada
hotel jazz barcelona,6.039876,18.406866,3,Hotels
unusual accommodation in Quebec,4.705532,16.559135,-1,
cheap hotels burnaby,3.9292893,19.463951,4,Budget/airport
spa resort toronto,7.4285746,16.585257,0,Resorts
last minute all inclusive trip,7.4419847,15.436255,-1,
river cree resort and casino,8.60957,18.783012,1,Casinos/entertainment
regal riverside hotel,7.3521924,18.398716,-1,
line hotel,6.16354,17.912798,3,Hotels
last minute all inclusive,7.4385977,15.457962,-1,
best western hoteluniversal drummondville,5.6873007,19.639133,3,Hotels
hotel canada,4.7660933,19.574015,-1,
cranbrook hotel,7.0731983,19.160599,3,Hotels
cheap hotels dartmouth,4.124334,18.909319,4,Budget/airport
resort collection,8.386256,16.595718,0,Resorts
hotels kananaskis,4.8956356,21.599771,-1,
hotels near york university,4.0349636,19.836235,4,Budget/airport
the finnish hotel,6.5878305,17.94758,3,Hotels
hotel imperia st eustache,5.6174245,18.491552,3,Hotels
stoney nakoda hotel,8.360582,20.235258,2,Inns
toronto park and fly hotels,3.8863885,19.90344,4,Budget/airport
circa resort & casino,8.678194,18.667738,1,Casinos/entertainment
holiday inn guelph,6.0060263,21.096346,5,Chains
hanna hotels,5.8927765,18.32947,3,Hotels
walper hotel kitchener,6.109733,21.225315,5,Chains
varscona hotel edmonton,4.9586926,22.325848,6,Budget/western Canada
motel 6 niagara falls,8.794824,19.419224,1,Casinos/entertainment
best western plus park place inn,7.6720634,21.085146,-1,
park and fly hotels toronto,3.9080591,19.917671,4,Budget/airport
fairfield inn st johns,6.821432,21.509779,5,Chains
accommodation for rent terrebonne 3 1 2,4.487879,16.184565,-1,
disney world all inclusive trip,7.4312296,15.439982,-1,
chateau victoria hotel & suites,5.37214,19.025536,3,Hotels
hotels near scarborough town center,4.109605,19.566702,4,Budget/airport
smugglers cove inn,8.183202,20.266197,2,Inns
days inn calgary northwest,5.330002,22.013939,6,Budget/western Canada
pei hotels,7.1181545,20.313448,-1,
unusual accommodation,4.725596,16.546587,-1,
hotels in deer lake,7.3327656,21.669336,-1,
disney music resort,8.714753,16.26858,0,Resorts
clearwater florida hotels,7.334887,21.667759,-1,
richmond hill hotel,5.792947,20.79772,5,Chains
accommodation for rent bromont,4.55082,16.231285,-1,
motel 6 oshawa,5.963388,20.869867,5,Chains
deer lake hotels,7.33325,21.683529,-1,
cayo coco cuba resorts,8.491365,16.61796,0,Resorts
london lamplighter inn,8.064872,20.63003,2,Inns
hotel versailles montreal,5.4432793,19.33604,3,Hotels
greektown casino hotel,8.6468935,18.760244,1,Casinos/entertainment
north myrtle beach hotels,8.363168,18.358807,-1,
dog friendly hotels toronto,3.6143723,19.676325,4,Budget/airport
laval housing,4.337867,16.51514,-1,
boutique hotel,6.578681,18.525064,3,Hotels
hotel saint anne,5.69396,18.401005,3,Hotels
newark airport hotel,4.173529,20.414633,4,Budget/airport
coronado hotel,8.7515545,17.889141,1,Casinos/entertainment
best all inclusive resorts for kids,7.3950973,15.483151,-1,
orleans hotel vegas,8.921319,18.169289,1,Casinos/entertainment
skyline hotel niagara,8.773414,19.37291,1,Casinos/entertainment
hotel van de vijsel,5.4083714,19.040112,3,Hotels
king hotel toronto,4.370855,19.637747,4,Budget/airport
fairmont banff hotel,4.9540133,21.67775,-1,
wakefield hotel,7.2929306,18.900602,3,Hotels
waterside inn mississauga,7.546129,20.022408,-1,
hotel june,6.177231,17.981619,3,Hotels
the georgian court hotel,6.62313,18.559856,3,Hotels
